{"MSE": 0.7182380013475557, "MAE": 0.656367161176793, "R2": 0.25491580111211976}